coordinate	score
hg38:chr9:135356676:C:A	0.0003871173146971861
hg38:chr9:134755489:G:A	0.00017736495634910747
hg38:chr9:128582299:G:A	0.0006703546441920867
hg38:chr9:136750926:T:A	0.001137493782551789
hg38:chr9:132598260:A:C	0.0013704488021585334
hg38:chr9:136149366:G:C	-0.00015574842795286234
hg38:chr9:133390850:G:A	0.0018515469172830665
hg38:chr9:138176986:A:G	-0.0002618588008489475
hg38:chr9:129394254:A:G	-0.0008030000611403449
hg38:chr9:137354802:G:A	-0.0006636939928182646
hg38:chr9:136781377:G:C	-0.00039610844470518207
hg38:chr9:129927392:A:G	-0.0006377155934712112
hg38:chr9:135826275:A:G	0.000995483460499124
hg38:chr9:133359508:C:T	0.0004236939016830956
hg38:chr9:137156924:G:A	0.0009374281181491804
hg38:chr9:133534136:G:T	-0.0011665159609646739
hg38:chr9:137595172:C:T	8.829007694786722e-05
hg38:chr9:131033574:A:C	-0.0009632077489096485
hg38:chr9:134755513:G:C	0.0004980096525820251
hg38:chr9:135711793:G:A	0.00017621837109705143
hg38:chr9:137434813:G:C	0.00047148106077657826
hg38:chr9:135125076:G:C	0.0001955151798352305
hg38:chr9:136218444:A:G	0.0002141992593787964
hg38:chr9:136969325:G:A	9.94440861846642e-09
hg38:chr9:136082642:G:T	-0.0014476731963780107
hg38:chr9:135662975:G:A	-0.00043064101981680683
hg38:chr9:130973746:T:C	0.0004564385248487215
hg38:chr9:135040519:A:T	0.0004901919553168767
hg38:chr9:129233792:C:T	-0.0004321650763175913
hg38:chr9:136513480:A:G	0.002177253745060717
hg38:chr9:133571319:A:C	0.000647776163354677
hg38:chr9:128702888:A:G	-8.054154799296645e-05
hg38:chr9:134796954:A:G	0.0014015138706941015
hg38:chr9:132397517:C:T	0.000753855092359182
hg38:chr9:131105383:A:G	0.0005540251498226628
hg38:chr9:136960340:A:G	-0.10645435936466784
hg38:chr9:128178543:C:T	-0.0028463588349659195
hg38:chr9:133008176:G:A	-0.0007191429275192168
hg38:chr9:136768375:A:G	0.0009623767115843888
hg38:chr9:130488455:T:G	-0.07055632876056983
hg38:chr9:133008194:G:A	-3.3681115743440424e-05
hg38:chr9:135122706:C:T	0.00022932657788192715
hg38:chr9:136764677:A:G	0.0023439257188449915
hg38:chr9:130587888:C:T	-0.0002144869129943646
hg38:chr9:133410193:C:T	0.001284670786018699
hg38:chr9:134731347:C:T	-0.00165032593203709
hg38:chr9:133708705:A:G	-0.00036990113161814245
hg38:chr9:129525127:G:C	-0.0004170453287909318
hg38:chr9:129122852:A:G	0.0006895712182171738
hg38:chr9:127908253:C:T	-0.0008805257334422956
hg38:chr9:129702113:G:A	-0.0007803658404330766
hg38:chr9:135699082:C:T	-0.0003583880017734921
hg38:chr9:134040859:T:G	3.423240958597838e-05
hg38:chr9:137788429:T:C	0.0004374610363087991
hg38:chr9:130955170:C:T	0.0012978365119814784
hg38:chr9:132212331:C:T	-1.8823533891650357e-05
hg38:chr9:128999620:A:G	-0.0005555149107766111
hg38:chr9:131111461:G:A	-0.00012283081296229976
hg38:chr9:136897444:G:A	-0.0008317695164507516
hg38:chr9:134768348:G:T	0.001138198004434371
hg38:chr9:128088304:T:A	-0.0013117938220513555
hg38:chr9:137434689:C:T	-0.0007925055435533992
hg38:chr9:135671734:C:T	0.0014320377375686057
hg38:chr9:131444458:C:A	-0.002612766048423388
hg38:chr9:131876046:G:T	-8.705196303881923e-05
hg38:chr9:133226228:T:C	-0.0020036533972638865
hg38:chr9:133548121:G:A	-1.573037515515818e-05
hg38:chr9:132331073:A:G	6.160926898248498e-05
hg38:chr9:134830324:G:A	-0.0011380306901538596
hg38:chr9:135185348:T:C	-0.0009716804467056047
hg38:chr9:135288751:T:C	0.0007419384624137697
hg38:chr9:136745119:T:C	0.06856385221927687
hg38:chr9:128912376:C:T	-0.00010083976612874675
hg38:chr9:129258468:T:A	0.0008223355158406197
hg38:chr9:132968291:A:T	-0.00011454355278010589
hg38:chr9:129229530:G:A	-1.8979111063541423e-05
hg38:chr9:136351449:C:T	0.00016052648999871072
hg38:chr9:136502531:A:G	0.000291190914039413
hg38:chr9:133937820:G:C	-0.0018529788619475397
hg38:chr9:129858866:C:T	0.0012660986057237578
hg38:chr9:133824719:C:T	0.0011761302665699747
hg38:chr9:134851463:G:A	0.00016832390943106814
hg38:chr9:134879836:A:G	-0.0018793290775031652
hg38:chr9:137252199:T:C	-0.00140354597717277
hg38:chr9:136200833:T:C	0.0009347899492234995
hg38:chr9:136945452:T:G	6.720410897431404e-05
hg38:chr9:128140468:T:C	-0.0006170322279403582
hg38:chr9:131614477:G:T	-0.0012720663250064713
hg38:chr9:131299745:G:A	0.2105977253759505
hg38:chr9:133087190:A:T	-0.0010546201273213757
hg38:chr9:133104364:C:G	0.0005244725533324788
hg38:chr9:136661860:G:A	-0.0014714994376266398
hg38:chr9:129003099:T:C	0.0013995567818795385
hg38:chr9:130549610:G:C	-0.0006968355853501732
hg38:chr9:131299799:G:A	0.0006085906041431566
hg38:chr9:133465264:C:T	-0.0015881502976437187
hg38:chr9:133514768:A:G	0.0004416046865847575
hg38:chr9:134394167:A:G	-0.0006107693223779267
hg38:chr9:127967264:G:C	-0.001810827716423577
